{
  "agent": "C",
  "role": "Novel Factor Mining Analyst",
  "baseline": {
    "ev": 0.15562834777948503,
    "wr": 0.7589285714285714,
    "sharpe": 0.797638792644455,
    "max_dd": 0.15279152288114517,
    "n": 448,
    "skew_top5_pct": 22.158296083612303,
    "max_consec_loss": 3
  },
  "analyses": {
    "candle_pattern": {
      "strong_bull": {
        "ev": 0.05979757964969905,
        "wr": 0.4727272727272727,
        "sharpe": 0.41259474755717407,
        "max_dd": 0.14999999999999902,
        "n": 55,
        "skew_top5_pct": 32.362328581668834,
        "max_consec_loss": 5
      },
      "strong_bear": {
        "ev": 0.17602657545605366,
        "wr": 0.7794117647058824,
        "sharpe": 0.8455399583238776,
        "max_dd": 0.06279152288113465,
        "n": 68,
        "skew_top5_pct": 19.86865343088971,
        "max_consec_loss": 2
      },
      "doji": {
        "ev": 0.17320624229474332,
        "wr": 0.8085106382978723,
        "sharpe": 0.7986044317349204,
        "max_dd": 0.06137532127282169,
        "n": 47,
        "skew_top5_pct": 18.145600426019385,
        "max_consec_loss": 2
      },
      "hammer": {
        "ev": 0.15539899947275512,
        "wr": 0.7916666666666666,
        "sharpe": 0.7773534100255285,
        "max_dd": 0.030000000000000027,
        "n": 24,
        "skew_top5_pct": 18.63135878015953,
        "max_consec_loss": 1
      },
      "shooting_star": {
        "ev": 0.21235852794052035,
        "wr": 0.7666666666666667,
        "sharpe": 0.9662844126743446,
        "max_dd": 0.0600000000000005,
        "n": 30,
        "skew_top5_pct": 13.897704055020041,
        "max_consec_loss": 2
      },
      "other": {
        "ev": 0.16170446687522175,
        "wr": 0.8080357142857143,
        "sharpe": 0.8732685694424166,
        "max_dd": 0.09000000000000341,
        "n": 224,
        "skew_top5_pct": 20.61439257372405,
        "max_consec_loss": 3
      }
    },
    "volume_profile": {
      "climax": {
        "ev": -0.010803734817980597,
        "wr": 0.3333333333333333,
        "sharpe": -0.3979625244545431,
        "max_dd": 0.06,
        "n": 3,
        "skew_top5_pct": 100.0,
        "max_consec_loss": 2
      },
      "building": {
        "ev": 0.18981979560102102,
        "wr": 0.8333333333333334,
        "sharpe": 0.8670273669286838,
        "max_dd": 0.06,
        "n": 30,
        "skew_top5_pct": 13.448749967176383,
        "max_consec_loss": 2
      },
      "declining": {
        "ev": 0.1638678254068372,
        "wr": 0.8620689655172413,
        "sharpe": 0.7831812973475322,
        "max_dd": 0.05999999999999961,
        "n": 29,
        "skew_top5_pct": 20.569503376422542,
        "max_consec_loss": 2
      },
      "flat": {
        "ev": 0.1333529024782444,
        "wr": 0.8214285714285714,
        "sharpe": 0.9012157230121035,
        "max_dd": 0.06000000000000005,
        "n": 28,
        "skew_top5_pct": 13.872225611691377,
        "max_consec_loss": 2
      },
      "mixed": {
        "ev": 0.10294644925989987,
        "wr": 0.7049180327868853,
        "sharpe": 0.7244170332243112,
        "max_dd": 0.09000000000000075,
        "n": 61,
        "skew_top5_pct": 24.456419540501724,
        "max_consec_loss": 3
      }
    },
    "norm_tr": {
      "quintiles": [
        {
          "quintile": "Q1",
          "n": 89,
          "factor_range": "0.0038 - 0.1989",
          "ev": 0.050917167096319514,
          "wr": 0.5393258426966292,
          "sharpe": 0.5057606421713838
        },
        {
          "quintile": "Q2",
          "n": 89,
          "factor_range": "0.1995 - 0.3072",
          "ev": 0.13761022518405516,
          "wr": 0.8202247191011236,
          "sharpe": 0.935172981900035
        },
        {
          "quintile": "Q3",
          "n": 89,
          "factor_range": "0.3074 - 0.4254",
          "ev": 0.17628350245728694,
          "wr": 0.7752808988764045,
          "sharpe": 0.805114245978038
        },
        {
          "quintile": "Q4",
          "n": 89,
          "factor_range": "0.4263 - 0.6154",
          "ev": 0.20040824935266147,
          "wr": 0.8314606741573034,
          "sharpe": 0.9631198874736324
        },
        {
          "quintile": "Q5",
          "n": 92,
          "factor_range": "0.6159 - 72.7142",
          "ev": 0.21105430414315962,
          "wr": 0.8260869565217391,
          "sharpe": 0.9437205638664269
        }
      ],
      "monotonic": "monotonic_increasing"
    },
    "price_gap": {
      "quintiles": [
        {
          "quintile": "Q1",
          "n": 89,
          "factor_range": "0.0000 - 0.0000",
          "ev": 0.16050444645781234,
          "wr": 0.7528089887640449,
          "sharpe": 0.7480825918643663
        },
        {
          "quintile": "Q2",
          "n": 89,
          "factor_range": "0.0000 - 0.0000",
          "ev": 0.19175302391015098,
          "wr": 0.8764044943820225,
          "sharpe": 0.862574306609781
        },
        {
          "quintile": "Q3",
          "n": 89,
          "factor_range": "0.0000 - 0.0000",
          "ev": 0.1288384674360489,
          "wr": 0.7415730337078652,
          "sharpe": 0.7853381179438822
        },
        {
          "quintile": "Q4",
          "n": 89,
          "factor_range": "0.0000 - 0.0000",
          "ev": 0.1433831709999838,
          "wr": 0.7078651685393258,
          "sharpe": 0.803148750296089
        },
        {
          "quintile": "Q5",
          "n": 92,
          "factor_range": "0.0000 - 0.0000",
          "ev": 0.1537267295831937,
          "wr": 0.717391304347826,
          "sharpe": 0.8332123417417965
        }
      ],
      "monotonic": "near_monotonic_increasing",
      "categories": {
        "no_gap": {
          "ev": 0.15562834777948503,
          "wr": 0.7589285714285714,
          "sharpe": 0.797638792644455,
          "max_dd": 0.15279152288114517,
          "n": 448,
          "skew_top5_pct": 22.158296083612303,
          "max_consec_loss": 3
        }
      }
    },
    "momentum": {
      "consec_green": {
        "quintiles": [
          {
            "quintile": "Q1",
            "n": 89,
            "factor_range": "0.0000 - 0.0000",
            "ev": 0.17355879330549834,
            "wr": 0.7865168539325843,
            "sharpe": 0.7495622784115087
          },
          {
            "quintile": "Q2",
            "n": 89,
            "factor_range": "0.0000 - 0.0000",
            "ev": 0.11848878983792391,
            "wr": 0.6741573033707865,
            "sharpe": 0.7239475627518692
          },
          {
            "quintile": "Q3",
            "n": 89,
            "factor_range": "0.0000 - 1.0000",
            "ev": 0.15051911428569537,
            "wr": 0.8202247191011236,
            "sharpe": 0.9199659464533737
          },
          {
            "quintile": "Q4",
            "n": 89,
            "factor_range": "1.0000 - 1.0000",
            "ev": 0.15911872189739365,
            "wr": 0.7415730337078652,
            "sharpe": 0.869519022753424
          },
          {
            "quintile": "Q5",
            "n": 92,
            "factor_range": "1.0000 - 7.0000",
            "ev": 0.17577714657771704,
            "wr": 0.7717391304347826,
            "sharpe": 0.8089434404188807
          }
        ],
        "monotonic": "near_monotonic_increasing"
      },
      "pre_3bar_return": {
        "quintiles": [
          {
            "quintile": "Q1",
            "n": 30,
            "factor_range": "-0.6681 - -0.1701",
            "ev": 0.1895571429537265,
            "wr": 0.8333333333333334,
            "sharpe": 0.8353677302434073
          },
          {
            "quintile": "Q2",
            "n": 30,
            "factor_range": "-0.1541 - -0.0026",
            "ev": 0.07506241347602226,
            "wr": 0.7,
            "sharpe": 0.7543586899321555
          },
          {
            "quintile": "Q3",
            "n": 30,
            "factor_range": "0.0015 - 0.1332",
            "ev": 0.07734556901508313,